ROI CALCULATOR - MECHANICS SHOP MANAGEMENT SYSTEM,,,,
=================================================,,,,
,,,,
CLIENT INFORMATION,,,,
Shop Name,[Enter Shop Name],,,
Number of Employees,[Enter Number],,,
Average Hourly Labor Rate,$[Enter Rate],,,
Work Orders per Month,[Enter Number],,,
,,,,
CURRENT SITUATION COSTS (ANNUAL),,,,
Cost Category,Hours/Week,Hourly Rate,Weekly Cost,Annual Cost
Administrative Tasks,[Enter Hours],$[Enter Rate],"=B7*C7","=D7*52"
Manager/Owner Admin Time,[Enter Hours],$[Enter Rate],"=B8*C8","=D8*52"
Invoice Corrections/Rework,[Enter Hours],$[Enter Rate],"=B9*C9","=D9*52"
Parts Management Issues,[Enter Hours],$[Enter Rate],"=B10*C10","=D10*52"
Customer Service Delays,[Enter Hours],$[Enter Rate],"=B11*C11","=D11*52"
TOTAL LABOR WASTE,,,"=SUM(D7:D11)","=SUM(E7:E11)"
,,,,
OTHER ANNUAL COSTS,,,,
Lost Revenue from Stockouts,$[Enter Amount],,,
Inventory Waste/Overstocking,$[Enter Amount],,,
Invoice Errors & Collection Delays,$[Enter Amount],,,
Missed Follow-up Opportunities,$[Enter Amount],,,
Poor Customer Experience Impact,$[Enter Amount],,,
TOTAL OTHER COSTS,"=B16+B17+B18+B19+B20",,,
,,,,
TOTAL ANNUAL WASTE,"=E12+B21",,,
,,,,
SYSTEM INVESTMENT,,,,
Package Selection,[Choose Package],,,
Package Price,$[Enter Price],,,
Implementation Cost,"=B25",,,
First Year Support (optional),$[Enter if applicable],,,
TOTAL INVESTMENT,"=B26+B27",,,
,,,,
ROI CALCULATION,,,,
Annual Savings,"=B22",,,
Total Investment,"=B28",,,
First Year Net Benefit,"=B30-B31",,,
ROI Percentage,"=B32/B31*100","%"
Payback Period (Weeks),"=B31/B30*52",weeks
,,,,
EXPECTED IMPROVEMENTS,,,,
Metric,Current,Target,Improvement
Administrative Time (hrs/week),[Enter Current],[Current*0.4],"=C38-B38"
Invoice Accuracy,[Enter %],98%,"=C39-B39"
Parts Stockout Incidents/Month,[Enter Number],[Number*0.2],"=B40-C40"
Customer Service Response Time,[Enter Minutes],[Minutes*0.6],"=B41-C41"
Monthly Financial Reporting Time,[Enter Hours],0.5,"=B42-C42"
,,,,
SAVINGS BREAKDOWN,,,,
Category,Monthly Savings,Annual Savings,
Administrative Efficiency,"=[Annual Waste]/12","=B22",
Inventory Optimization,$[Calculate],"=C45*12",
Customer Retention Improvement,$[Calculate],"=C46*12",
Financial Control Benefits,$[Calculate],"=C47*12",
TOTAL MONTHLY SAVINGS,"=SUM(C44:C47)","=C48*12"
,,,,
CONSERVATIVE ROI SCENARIO,,,,
Assume Only 50% of Benefits Realized,,,,
Conservative Annual Savings,"=B49*0.5",,,
Conservative ROI,"=B52/B31*100","%"
Conservative Payback (Weeks),"=B31/B52*52",weeks
,,,,
COMPETITIVE COMPARISON,,,,
Alternative,Monthly Cost,Annual Cost,5-Year Cost
Our Excel System,$0,$0,$0
Basic Shop Software,$99,"=B58*12","=C58*5"
Mid-Range Software,$199,"=B59*12","=C59*5"
Enterprise Software,$399,"=B60*12","=C60*5"
Our System + Support,$197,"=B61*12","=C61*5"
,,,,
OPPORTUNITY COST ANALYSIS,,,,
Delay Implementation by:,Lost Savings,Cumulative Loss,
1 Month,"=B22/12","=C64"
3 Months,"=B22/12*3","=C65"
6 Months,"=B22/12*6","=C66"
1 Year,"=B22","=C67"
,,,,
FINANCING OPTIONS,,,,
Payment Plan,Monthly Payment,Total Cost,
Full Payment (5% Discount),"=B28*0.95/1","=B28*0.95",
3-Month Plan,"=B28/3","=B28",
6-Month Plan (Professional+),"=B28/6","=B28",
,,,,
KEY PERFORMANCE INDICATORS,,,,
Metric,Current,6 Months,12 Months
Daily Revenue,$[Enter],"=[Current]*1.15","=[6 Months]*1.1"
Work Orders/Day,[Enter],"=[Current]*1.2","=[6 Months]*1.1"
Average Ticket Size,$[Enter],"=[Current]*1.1","=[6 Months]*1.05"
Customer Retention Rate,[Enter %],"=[Current]*1.15","=[6 Months]*1.05"
Profit Margin,[Enter %],"=[Current]*1.25","=[6 Months]*1.1"